,count,percentage
stand,528915,50.266531460596205
hit,425546,40.44264465354711
double,77947,7.407854433621834
split,19813,1.8829694522348441
