count,mean,std,min,25%,50%,75%,max
1052221.0,7.543016153450654,2.844692197550194,2.0,5.0,8.0,10.0,11.0
