count,mean,std,min,25%,50%,75%,max
1052221.0,15.15744221033414,3.9242850079980225,4.0,13.0,15.0,18.0,21.0
