count,mean,std,min,25%,50%,75%,max
1052221.0,0.05280426593727962,4.590535928959578,-34.9375,-2.1666666666666665,0.0,2.298342541436464,33.01587301587302
